nome,nascimento,matricula,email,senha
MARLON DA SILVA,29/05/2003,999,MARLON@PAQ.ORG,123456
ANA RODRIGUES,17/04/1993,1,anarodrigues@dominio.net,pE*F6d!qW
CARLA PEREIRA,05/11/1995,2,carlapereira@paq.org,Qz9G&v$w2
MARCELO SILVA,21/08/1988,3,marcelosilva@empresa.com,Lh7@j#M3k
ISABELA ALMEIDA,03/02/1999,4,isabela@paq.org,Rt5%yU&oP
HUGO FERREIRA,10/06/1985,5,hugoferreira@empresa.com,Vb8^nJ!uI
JOAO SANTOS,29/12/1990,6,joaosantos@dominio.net,Nc1$xC@zX
LARISSA COSTA,14/07/1997,7,larissacosta@paq.org,Fk6#lM!pQ
RAFAEL LIMA,08/03/1982,8,rafaellima@empresa.com,Dw4%eR*tY
SOFIA BARBOSA,25/09/2001,9,sofiabarbosa@dominio.net,Ug9@h$jK
DANIEL OLIVEIRA,19/01/1996,10,daniel@paq.org,Px2!cV&bN
EDUARDA GOMES,07/05/1991,11,eduardagomes@empresa.com,Tz7^uY!iO
GABRIELA SOUZA,22/10/1987,12,gabrielasouza@dominio.net,Lm5$oL@pA
FERNANDO MARTINS,11/04/1994,13,fernando@paq.org,Jc3#vB*nM
PAULA CARVALHO,01/08/2000,14,paulacarvalho@empresa.com,We8%xZ!cL
BRUNO RIBEIRO,16/03/1983,15,brunoribeiro@dominio.net,Qa1@sD&fG
ANA PEREIRA,04/09/1998,16,anapereira@paq.org,Hy6^jK!lP
TIAGO FERREIRA,28/11/1992,17,tiagoferreira@empresa.com,Bv9$nM@cK
VALENTINA SILVA,09/01/2002,18,valentinasilva@dominio.net,Re2!fY&gH
WAGNER DIAS,06/07/1986,19,wagnerdias@paq.org,Fg5#hJ!kL
NATALIA SANTOS,23/02/1990,20,nataliasantos@empresa.com,Qc7%vB*nS
OTAVIO FERNANDES,18/12/1995,21,otaviofernandes@dominio.net,Mn4@xZ!vC
MARCELO LIMA,26/04/1984,22,marcelolima@paq.org,Lk9^pU!yT
ISABELA GOMES,02/08/1993,23,isabelagomes@empresa.com,As3$dF@gH
HUGO COSTA,15/03/1999,24,hugocosta@dominio.net,Jm6#kL!oP
JOAO RODRIGUES,20/09/1989,25,joaorodrigues@paq.org,Qw8%eR*tY
LARISSA ALMEIDA,07/11/1996,26,larissa@empresa.com,Zu1!xC&vB
RAFAEL SOUZA,03/05/1981,27,rafaelsouza@dominio.net,Nx7^bM!oL
SOFIA OLIVEIRA,12/10/2003,28,sofia@paq.org,Pl2$kI@uY
DANIEL MARTINS,24/01/1997,29,danielmartins@empresa.com,Cf5#vG!bN
EDUARDA RIBEIRO,13/06/1992,30,eduardaribeiro@dominio.net,Te9%uY*iO
GABRIELA SILVA,30/12/1988,31,gabrielasilva@paq.org,Hy4@jK!lP
FERNANDO SANTOS,08/04/1994,32,fernando@empresa.com,Dg7$fG@hJ
PAULA LIMA,05/02/2000,33,paulalima@dominio.net,Km1!nX&cZ
BRUNO ALMEIDA,27/07/1985,34,brunoalmeida@paq.org,Rv8^bN!mC
ANA OLIVEIRA,01/09/1991,35,anaoliveira@empresa.com,Sq3#wE*rT
TIAGO SOUZA,10/11/1998,36,tiagosouza@dominio.net,Yx6%zC!vB
VALENTINA COSTA,16/01/2004,37,valentina@paq.org,Op2$lK@jH
WAGNER FERREIRA,21/06/1987,38,wagnerferreira@empresa.com,Fg5!hJ&kL
NATALIA MARTINS,29/03/1993,39,nataliamartins@dominio.net,Qz7^wE!rT
OTAVIO CARVALHO,04/08/1996,40,otaviocarvalho@paq.org,Nx1#cV*bM
MARCELO RIBEIRO,19/05/1983,41,marceloribeiro@empresa.com,Lm8%uY!iO
ISABELA PEREIRA,06/10/1990,42,isabelapereira@dominio.net,Jy4@hJ!kL
HUGO LIMA,22/02/1997,43,hugolima@paq.org,Bv6$nM@cK
JOAO SILVA,11/07/1986,44,joaosilva@empresa.com,Re9^tY!uI
LARISSA SOUZA,03/12/1999,45,larissasouza@dominio.net,Pw2!cX&bN
RAFAEL OLIVEIRA,28/01/1982,46,rafaeloliveira@paq.org,Tz5#uI*oP
SOFIA SANTOS,14/04/2005,47,sofiasantos@empresa.com,Ug7%hJ!kL
DANIEL COSTA,09/09/1994,48,danielcosta@dominio.net,Px3@cV!bN
EDUARDA FERREIRA,17/02/1989,49,eduardaferreira@paq.org,Fk6$lM@nP
GABRIELA MARTINS,25/07/1992,50,gabrielamartins@empresa.com,Jc9^vB!nM
FERNANDO RIBEIRO,02/03/1998,51,fernandoribeiro@dominio.net,We1!xZ&cL
PAULA SILVA,20/08/2001,52,paulasilva@paq.org,Qa4#sD*fG
BRUNO SANTOS,05/01/1984,53,brunosantos@empresa.com,Hy8%jK!lP
ANA COSTA,18/06/1995,54,anacosta@dominio.net,Bv2$nM@cK
TIAGO OLIVEIRA,23/11/1990,55,tiago@paq.org,Re5^tY!uI
VALENTINA SOUZA,07/04/2002,56,valentinasouza@empresa.com,Fg8#hJ!kL
WAGNER LIMA,12/09/1987,57,wagnerlima@dominio.net,Qc1%vB*nS
NATALIA ALMEIDA,26/02/1996,58,nataliaalmeida@paq.org,Mn4@xZ!vC
OTAVIO PEREIRA,03/07/1982,59,otaviopereira@empresa.com,Lk9^pU!yT
MARCELO GOMES,15/12/1993,60,marcelogomes@dominio.net,As3$dF@gH
ISABELA FERREIRA,24/05/1999,61,isabela@paq.org,Jm6#kL!oP
HUGO RIBEIRO,01/10/1988,62,hugoribeiro@empresa.com,Qw8%eR*tY
JOAO LIMA,08/03/1997,63,joaolima@dominio.net,Zu1!xC&vB
LARISSA CARVALHO,10/01/1985,64,larissacarvalho@paq.org,Nx7^bM!oL
RAFAEL SILVA,13/06/1991,65,rafaelsilva@empresa.com,Pl2$kI@uY
SOFIA MARTINS,20/11/1998,66,sofia@dominio.net,Cf5#vG!bN
DANIEL SANTOS,06/04/1983,67,danielsantos@paq.org,Te9%uY*iO
EDUARDA DIAS,29/09/2000,68,eduardadias@empresa.com,Hy4@jK!lP
GABRIELA ALMEIDA,17/02/1989,69,gabriela@dominio.net,Dg7$fG@hJ
FERNANDO PEREIRA,04/07/1996,70,fernandopereira@paq.org,Km1!nX&cZ
PAULA SOUZA,22/12/1992,71,paulasouza@empresa.com,Rv8^bN!mC
BRUNO OLIVEIRA,09/05/1986,72,bruno@dominio.net,Sq3#wE*rT
ANA MARTINS,30/03/1994,73,anamartins@paq.org,Yx6%zC!vB
TIAGO DIAS,11/08/2003,74,tiagodias@empresa.com,Op2$lK@jH
VALENTINA LIMA,05/01/1981,75,valentinajb@dominio.net,Fg5!hJ&kL
WAGNER ALMEIDA,19/06/1990,76,wagneralmeida@paq.org,Qz7^wE!rT
NATALIA COSTA,28/11/1997,77,nataliacosta@empresa.com,Nx1#cV*bM
OTAVIO SILVA,07/04/1987,78,otaviosilva@dominio.net,Lm8%uY!iO
MARCELO FERREIRA,16/09/1995,79,marceloferreira@paq.org,Jy4@hJ!kL
ISABELA RIBEIRO,02/02/1984,80,isabelaribeiro@empresa.com,Bv6$nM@cK
HUGO SANTOS,14/07/2000,81,hugo@dominio.net,Re9^tY!uI
JOAO CARVALHO,25/12/1991,82,joaocarvalho@paq.org,Pw2!cX&bN
LARISSA MARTINS,08/05/1985,83,larissamartins@empresa.com,Tz5#uI*oP
RAFAEL DIAS,21/10/1998,84,rafaeldias@dominio.net,Ug7%hJ!kL
SOFIA GOMES,03/03/1993,85,sofiagomes@paq.org,Px3@cV!bN
DANIEL PEREIRA,12/08/1980,86,daniel@empresa.com,Fk6$lM@nP
EDUARDA LIMA,26/01/1999,87,eduardalima@dominio.net,Jc9^vB!nM
GABRIELA RIBEIRO,09/06/1986,88,gabrielaribeiro@paq.org,We1!xZ&cL
FERNANDO SILVA,18/11/1994,89,fernando@empresa.com,Qa4#sD*fG
PAULA SANTOS,01/04/2002,90,paulasantos@dominio.net,Hy8%jK!lP
BRUNO COSTA,20/09/1989,91,brunocosta@paq.org,Bv2$nM@cK
ANA FERREIRA,06/02/1983,92,anaferreira@empresa.com,Re5^tY!uI
TIAGO ALMEIDA,24/07/1990,93,tiagoalmeida@dominio.net,Fg8#hJ!kL
VALENTINA DIAS,15/12/1996,94,valentinadias@paq.org,Qc1%vB*nS
WAGNER MARTINS,02/05/1982,95,wagnermartins@empresa.com,Mn4@xZ!vC
NATALIA NUNES,13/10/1993,96,natalia@dominio.net,Lk9^pU!yT
OTAVIO SOUZA,27/03/1988,97,otaviosouza@paq.org,As3$dF@gH
MARCELO OLIVEIRA,08/08/1997,98,marcelo@empresa.com,Jm6#kL!oP
ISABELA DIAS,19/01/1985,99,isabeladias@dominio.org,Qw8%eR*tY
HUGO BARBOSA,04/06/2001,100,hugobarbosa@paq.org,Zu1!xC&vB
Cris Evans,10/05/2001,102,cris@example.com,abc
Peter Parker,06/08/2001,103,peter@example.com,abc
